,content,timestamp,reactions
0,2,2024-01-07 17:33:34,[]
1,3,2024-01-09 16:57:41,[]
2,4,2024-01-10 16:47:56,"['Eoin', 'Soumia']"
3,5,2024-01-12 16:38:43,"['Eoin', 'Soumia']"
4,6,2024-01-16 17:42:17,"['Eoin', 'Soumia', 'Conan']"
5,7,2024-01-18 21:58:22,"['Eoin', 'Soumia', 'Dex']"
6,8,2024-01-21 21:49:58,"['Eoin', 'Soumia', 'Dex']"
7,9,2024-01-23 16:24:38,[]
8,10,2024-01-23 16:35:10,"['Eoin', 'Soumia']"
9,11,2024-01-25 16:06:34,[]
10,12,2024-01-27 15:09:49,"['Eoin', 'Soumia']"
11,13,2024-01-31 16:50:04,['Soumia']
12,14,2024-02-03 13:58:59,[]
13,15,2024-02-05 20:28:43,"['Eoin', 'Dan', 'Soumia', 'Katie']"
14,16,2024-02-08 05:42:53,[]
15,17,2024-02-12 19:12:57,"['Eoin', 'Soumia']"
16,18,2024-02-14 18:17:10,[]
17,19,2024-02-16 14:41:28,[]
18,20,2024-02-18 19:37:21,[]
19,21,2024-02-20 21:08:45,[]
20,22,2024-02-22 12:35:43,[]
21,23,2024-02-26 18:59:38,[]
22,24,2024-02-29 21:38:39,[]
23,25,2024-03-06 21:24:02,[]
24,26,2024-03-07 21:39:51,[]
25,27,2024-03-08 19:48:22,[]
26,28,2024-03-09 10:56:32,['Eoin']
27,29,2024-03-10 20:49:07,[]
28,30,2024-03-11 21:29:06,[]
29,31,2024-03-14 07:38:31,[]
30,32,2024-03-16 07:41:29,[]
31,33,2024-03-17 19:49:09,[]
32,34,2024-03-20 19:52:30,[]
33,35,2024-03-24 15:46:58,[]
34,36,2024-03-25 07:30:14,[]
35,37,2024-03-26 16:05:50,[]
36,38,2024-03-28 18:47:52,[]
37,39,2024-03-28 22:04:57,[]
38,40,2024-03-29 09:32:26,[]
39,41,2024-04-02 16:50:32,[]
40,42,2024-04-05 17:37:22,[]
41,43,2024-04-07 15:29:09,[]
42,44,2024-04-09 14:29:58,[]
43,45,2024-04-11 14:32:52,[]
44,46,2024-04-15 18:36:34,[]
45,47,2024-04-17 03:46:41,[]
46,48,2024-04-21 14:45:58,[]
47,49,2024-04-23 21:25:44,[]
48,50,2024-04-27 10:05:56,"['Eoin', 'Dex']"
49,51,2024-04-29 15:21:24,[]
50,52,2024-05-03 12:45:54,[]
51,53,2024-05-06 18:29:55,[]
52,55,2024-05-12 10:01:42,[]
53,56,2024-05-12 17:29:45,"['Eoin', 'Soumia']"
54,57,2024-05-17 04:48:42,[]
55,58,2024-05-20 17:46:40,[]
56,59,2024-05-22 09:55:54,[]
57,60,2024-05-22 12:00:45,[]
58,61,2024-05-26 11:56:07,[]
59,62,2024-05-28 10:12:20,[]
60,63,2024-05-29 05:29:50,[]
61,64,2024-05-29 22:25:00,"['Eoin', 'Katie']"
62,65,2024-05-30 15:19:22,[]
63,66,2024-05-30 19:31:56,[]
64,67,2024-06-01 14:09:18,[]
65,68,2024-06-06 08:58:16,[]
66,69,2024-06-13 13:49:38,[]
67,70,2024-06-16 13:16:54,[]
68,71,2024-06-20 13:40:08,[]
69,72,2024-06-24 18:45:08,[]
70,73,2024-06-27 18:13:06,[]
71,74,2024-06-30 21:37:39,[]
72,75,2024-07-01 22:15:27,[]
73,76,2024-07-04 11:55:31,[]
74,77,2024-07-08 21:42:07,[]
75,78,2024-07-12 22:55:45,[]
76,79,2024-07-14 17:41:17,[]
77,80,2024-07-17 23:23:05,[]
78,81,2024-07-18 14:18:31,[]
79,83,2024-07-21 21:31:12,[]
80,84,2024-07-23 20:34:16,[]
81,85,2024-07-25 08:06:33,[]
82,86,2024-07-26 22:58:31,[]
83,87,2024-07-29 12:29:21,[]
84,88,2024-07-29 21:09:15,[]
85,89,2024-07-31 10:45:24,[]
86,90,2024-07-31 10:45:24,[]
87,91,2024-08-02 18:36:36,[]
88,92,2024-08-03 14:16:01,[]
89,93,2024-08-06 09:23:03,[]
90,94,2024-08-07 22:12:53,[]
91,95,2024-08-10 08:07:46,[]
92,96,2024-08-15 07:53:43,[]
93,97,2024-08-18 11:13:15,[]
94,98,2024-08-22 19:16:16,[]
95,99,2024-08-26 17:19:57,[]
96,100,2024-08-29 08:35:51,"['Eoin', 'Soumia']"
97,101,2024-08-29 22:26:23,[]
98,102,2024-09-01 20:22:54,[]
99,103,2024-09-05 20:07:54,[]
100,104,2024-09-07 22:46:01,[]
101,105,2024-09-12 10:54:37,[]
102,106,2024-09-15 21:02:28,[]
103,107,2024-09-16 20:28:18,[]
104,108,2024-09-18 22:47:21,[]
105,109,2024-09-20 18:24:35,[]
106,110,2024-09-21 11:57:10,[]
107,111,2024-09-25 11:30:52,[]
108,112,2024-09-26 10:15:50,[]
109,113,2024-09-29 08:43:11,[]
